1555347484122,1,150,102,150,102
1555347484918,2,294,252,144,150
1555347485604,3,427,402,133,150
1555347486296,4,577,546,150,144
1555347486990,5,727,695,150,149
1555347487662,6,865,845,138,150
1555347488334,7,1009,995,144,150
1555347489088,8,1159,1142,150,147
1555347490032,9,1305,1292,146,150
1555347499338,10,1455,1431,150,139
1555347500402,11,1598,1581,143,150
1555347501166,12,1748,1728,150,147
1555347501859,13,1894,1878,146,150
1555347502674,14,2042,2028,148,150
1555347503462,15,2184,2178,142,150
1555347504222,16,2334,2323,150,145
1555347505193,17,2484,2461,150,138
1555347506438,18,2625,2611,141,150
1555347507219,19,2775,2759,150,148
1555347507778,20,2925,2907,150,148
1555347508251,21,3075,3055,150,148
1555347508701,22,3224,3205,149,150
1555347509138,23,3371,3355,147,150
1555347509601,24,3521,3504,150,149
1555347510068,25,3671,3638,150,134
1555347510526,26,3821,3751,150,113
1555347510963,27,3971,3806,150,55
1555347511645,28,4121,3804,150,-2
1555347512819,29,4271,3673,150,-131
1555347513341,30,4421,3679,150,6
1555347513722,31,4571,3737,150,58
1555347514059,32,4721,3839,150,102
1555347514344,33,4871,3960,150,121
1555347514623,34,5021,4103,150,143
1555347514906,35,5171,4250,150,147
1555347515170,36,5319,4400,148,150
1555347515425,37,5469,4548,150,148
1555347515661,38,5610,4698,141,150
1555347515901,39,5760,4841,150,143
1555347516124,40,5907,4991,147,150
1555347516351,41,6057,5138,150,147
1555347516570,42,6200,5288,143,150
1555347516800,43,6349,5438,149,150
1555347517025,44,6495,5588,146,150
1555347517242,45,6645,5733,150,145
1555347517466,46,6793,5883,148,150
1555347517686,47,6934,6033,141,150
1555347517913,48,7084,6179,150,146
1555347518140,49,7234,6328,150,149
1555347518370,50,7381,6478,147,150
1555347518598,51,7522,6628,141,150
1555347518827,52,7665,6778,143,150
1555347519064,53,7815,6925,150,147
1555347519309,54,7963,7075,148,150
1555347519566,55,8106,7225,143,150
1555347519836,56,8254,7375,148,150
1555347520122,57,8403,7525,149,150
1555347842665,1,150,134,150,134
1555347843030,2,294,284,144,150
1555347843339,3,439,434,145,150
1555347843643,4,589,581,150,147
1555347843935,5,737,731,148,150
1555347844226,6,887,879,150,148
1555347844503,7,1030,1029,143,150
1555347844789,8,1178,1179,148,150
1555347845074,9,1328,1323,150,144
1555347845383,10,1478,1466,150,143
1555347845696,11,1620,1616,142,150
1555347846000,12,1769,1766,149,150
1555347846302,13,1919,1915,150,149
1555347846599,14,2063,2065,144,150
1555347846887,15,2199,2215,136,150
1555347847177,16,2349,2360,150,145
1555347847472,17,2499,2502,150,142
1555347847792,18,2649,2651,150,149
1555347848111,19,2794,2801,145,150
1555347848419,20,2944,2945,150,144
1555347848734,21,3094,3087,150,142
1555347849075,22,3241,3237,147,150
1555347849416,23,3384,3387,143,150
1555347849759,24,3534,3534,150,147
1555347850095,25,3680,3684,146,150
1555347850428,26,3825,3834,145,150
1555347850775,27,3970,3984,145,150
1555347851135,28,4120,4126,150,142
1555347851512,29,4265,4276,145,150
1555347851949,30,4415,4422,150,146
1555347852642,31,4565,4567,150,145
1555347853679,32,4415,4425,-150,-142
1555347854108,33,4269,4275,-146,-150
1555347854507,34,4119,4141,-150,-134
1555347856292,35,4269,4056,150,-85
1555347857085,36,4419,4013,150,-43
1555347857844,37,4569,3921,150,-92
1555347858275,38,4719,3929,150,8
1555347858583,39,4869,4005,150,76
1555347858866,40,5019,4118,150,113
1555347859137,41,5169,4242,150,124
1555347859406,42,5319,4377,150,135
1555347859672,43,5468,4527,149,150
1555347859903,44,5594,4677,126,150
1555347860132,45,5732,4827,138,150
1555347860347,46,5878,4977,146,150
1555347860553,47,6026,5127,148,150
1555347860757,48,6167,5277,141,150
1555347860963,49,6311,5427,144,150
1555347861167,50,6461,5574,150,147
1555347861393,51,6611,5720,150,146
1555347861567,52,6761,5867,150,147
1555347861772,53,6903,6017,142,150
1555347861980,54,7050,6167,147,150
1555347862188,55,7200,6309,150,142
1555347862402,56,7348,6459,148,150
1555347862623,57,7497,6609,149,150
1555347862842,58,7644,6759,147,150
1555347863066,59,7794,6906,150,147
1555347863296,60,7939,7056,145,150
1555347863530,61,8084,7206,145,150
1555347863776,62,8227,7356,143,150
1555347864030,63,8373,7506,146,150
1555347864301,64,8517,7656,144,150
1555347864578,65,8648,7806,131,150
1555347864856,66,8761,7956,113,150
1555347865169,67,8841,8106,80,150
1555347865590,68,8882,8256,41,150
1555347866536,69,8811,8406,-71,150
1555347867183,70,8661,8443,-150,37
1555347867752,71,8511,8444,-150,1
1555347869296,72,8503,8594,-8,150
1555347870135,73,8653,8716,150,122
1555348086248,74,8803,8799,150,83
1555348086909,75,8953,8942,150,143
1555348087466,76,9092,9092,139,150
1555348087983,77,9237,9242,145,150
1555348088475,78,9385,9392,148,150
1555348088944,79,9535,9541,150,149
1555348089409,80,9685,9689,150,148
1555348089890,81,9829,9839,144,150
1555348090386,82,9979,9987,150,148
1555348090889,83,10129,10132,150,145
1555348091394,84,10278,10282,149,150
1555348091899,85,10427,10432,149,150
1555348092395,86,10569,10582,142,150
1555348092918,87,10719,10726,150,144
1555348093472,88,10867,10876,148,150
1555348094063,89,11013,11026,146,150
1555348094658,90,11160,11176,147,150
1555348095230,91,11310,11323,150,147
1555348095811,92,11458,11473,148,150
1555348096481,93,11606,11623,148,150
1555348097161,94,11756,11769,150,146
1555348097808,95,11906,11912,150,143
1555348098589,96,12050,12062,144,150
1555348103200,97,12200,12207,150,145
1555348104821,98,12343,12357,143,150
1555348105613,99,12493,12500,150,143
1555348106244,100,12643,12647,150,147
1555348106804,101,12787,12797,144,150
1555348107330,102,12932,12947,145,150
1555348107870,103,13082,13095,150,148
1555348108413,104,13232,13241,150,146
1555348109033,105,13377,13391,145,150
1555348109643,106,13527,13501,150,110
1555348110319,107,13677,13560,150,59
1555348111496,108,13827,13499,150,-61
1555348112592,109,13977,13408,150,-91
1555348113281,110,14127,13435,150,27
1555348113841,111,14277,13510,150,75
1555348114289,112,14427,13619,150,109
1555348114700,113,14577,13746,150,127
1555348115077,114,14727,13883,150,137
1555348115426,115,14877,14027,150,144
1555348115751,116,15027,14162,150,135
1555348116090,117,15177,14311,150,149
1555348116415,118,15327,14460,150,149
1555348116718,119,15477,14603,150,143
1555348117022,120,15627,14743,150,140
1555348117352,121,15775,14893,148,150
1555348117684,122,15924,15043,149,150
1555348118010,123,16074,15191,150,148
1555348118315,124,16224,15339,150,148
1555348118628,125,16367,15489,143,150
1555348118953,126,16515,15639,148,150
1555348119275,127,16665,15788,150,149
1555348119584,128,16813,15938,148,150
1555348119892,129,16962,16088,149,150
1555348120201,130,17111,16238,149,150
1555348120502,131,17258,16388,147,150
1555348120800,132,17404,16538,146,150
1555348121106,133,17552,16688,148,150
1555348121411,134,17699,16838,147,150
1555348121711,135,17847,16988,148,150
1555348122007,136,17997,17137,150,149
1555348122313,137,18146,17287,149,150
1555348122616,138,18296,17434,150,147
1555348122927,139,18445,17584,149,150
1555348123248,140,18595,17726,150,142
1555348123612,141,18745,17871,150,145
1555348124012,142,18895,18015,150,144
1555348124498,143,19045,18159,150,144
1555348125200,144,19195,18304,150,145
1555348151242,145,19238,18454,43,150
1555348152272,146,19241,18604,3,150
1555348153969,147,19245,18754,4,150
1555348154722,148,19243,18904,-2,150
1555348155377,149,19246,19054,3,150
1555348155971,150,19259,19204,13,150
1555348156546,151,19297,19354,38,150
1555348157138,152,19357,19504,60,150
1555348157906,153,19481,19654,124,150
1555348158627,154,19631,19765,150,111
1555348159212,155,19781,19870,150,105
1555348159787,156,19931,19999,150,129
1555348160297,157,20081,20133,150,134
1555348160822,158,20231,20266,150,133
1555348161333,159,20381,20401,150,135
1555348161872,160,20531,20546,150,145
1555348162352,161,20670,20696,139,150
1555348162833,162,20820,20842,150,146
1555348163285,163,20964,20992,144,150
1555348163749,164,21114,21138,150,146
1555348164224,165,21259,21288,145,150
1555348164743,166,21406,21438,147,150
1555348165287,167,21556,21583,150,145
1555348165914,168,21706,21730,150,147
1555348166474,169,21852,21880,146,150
1555348166993,170,22001,22030,149,150
1555348167453,171,22145,22180,144,150
1555348167933,172,22295,22327,150,147
1555348168424,173,22437,22477,142,150
1555348168945,174,22587,22621,150,144
1555348169421,175,22737,22765,150,144
1555348169865,176,22887,22912,150,147
1555348170293,177,23033,23062,146,150
1555348170738,178,23181,23212,148,150
1555348171174,179,23331,23356,150,144
1555348171614,180,23481,23505,150,149
1555348172031,181,23617,23655,136,150
1555348172465,182,23766,23805,149,150
1555348172882,183,23915,23955,149,150
1555348173291,184,24063,24105,148,150
1555348173679,185,24206,24255,143,150
1555348174066,186,24351,24405,145,150
1555348174451,187,24499,24555,148,150
1555348174855,188,24649,24697,150,142
1555348175299,189,24799,24846,150,149
1555348175722,190,24948,24996,149,150
1555348176212,191,25098,25140,150,144
1555348176551,192,25247,25290,149,150
1555348176966,193,25389,25440,142,150
1555348177396,194,25537,25590,148,150
1555348177825,195,25687,25737,150,147
1555348178233,196,25837,25879,150,142
1555348178649,197,25981,26029,144,150
1555348179059,198,26124,26179,143,150
1555348179458,199,26274,26324,150,145
1555348179852,200,26424,26468,150,144
1555348180247,201,26568,26618,144,150
1555348180643,202,26718,26767,150,149
1555348181042,203,26863,26917,145,150
1555348181458,204,27008,27067,145,150
1555348181930,205,27155,27217,147,150
1555348182429,206,27305,27357,150,140
1555348182906,207,27455,27457,150,100
1555348183366,208,27605,27514,150,57
1555348184016,209,27755,27542,150,28
1555348184918,210,27905,27529,150,-13
1555348185457,211,28055,27530,150,1
1555348185919,212,28205,27559,150,29
1555348186377,213,28355,27612,150,53
1555348187004,214,28505,27703,150,91
1555348187178,215,28655,27809,150,106
1555348187528,216,28805,27928,150,119
1555348187870,217,28955,28061,150,133
1555348188197,218,29097,28211,142,150
1555348188529,219,29247,28360,150,149
1555348188842,220,29387,28510,140,150
1555348189154,221,29528,28660,141,150
1555348189446,222,29657,28810,129,150
1555348189753,223,29796,28960,139,150
1555348190054,224,29939,29110,143,150
1555348190354,225,30082,29260,143,150
1555348190648,226,30217,29410,135,150
1555348190947,227,30364,29560,147,150
1555348191231,228,30510,29710,146,150
1555348191514,229,30660,29859,150,149
1555348192044,230,30804,30009,144,150
1555348192125,231,30954,30158,150,149
1555348192362,232,31101,30308,147,150
1555348192647,233,31251,30454,150,146
1555348192934,234,31397,30604,146,150
1555348193222,235,31543,30754,146,150
1555348193501,236,31689,30904,146,150
1555348193792,237,31839,31045,150,141
1555348194092,238,31983,31195,144,150
1555348194398,239,32132,31345,149,150
1555348194697,240,32280,31495,148,150
1555348195000,241,32430,31631,150,136
1555348195326,242,32578,31781,148,150
1555348195655,243,32724,31931,146,150
1555348195975,244,32874,32077,150,146
1555348196285,245,33024,32218,150,141
1555348196609,246,33171,32368,147,150
1555348197277,247,33316,32518,145,150
1555348197347,248,33462,32668,146,150
1555348197569,249,33612,32812,150,144
1555348197864,250,33756,32962,144,150
1555348198169,251,33906,33110,150,148
1555348198482,252,34056,33258,150,148
1555348198803,253,34206,33402,150,144
1555348199142,254,34349,33552,143,150
1555348199498,255,34499,33701,150,149
1555348199848,256,34641,33851,142,150
1555348200213,257,34788,34001,147,150
1555348200600,258,34938,34149,150,148
1555348200991,259,35088,34294,150,145
1555348201382,260,35234,34444,146,150
1555348201752,261,35384,34581,150,137
1555348202128,262,35532,34731,148,150
1555348202480,263,35674,34881,142,150
1555348202822,264,35824,35027,150,146
1555348203161,265,35974,35171,150,144
1555348203517,266,36118,35321,144,150
1555348203890,267,36260,35471,142,150
1555348204292,268,36403,35621,143,150
1555348204716,269,36544,35771,141,150
1555348205165,270,36680,35921,136,150
1555348205676,271,36816,36071,136,150
1555348206175,272,36919,36221,103,150
1555348206703,273,36981,36371,62,150
1555348207420,274,37003,36521,22,150
1555348208775,275,36982,36671,-21,150
1555348209594,276,36961,36821,-21,150
1555348210469,277,36959,36971,-2,150
1555348211193,278,36987,37121,28,150
1555348211894,279,37059,37271,72,150
1555348212600,280,37197,37421,138,150
1555348213214,281,37347,37538,150,117
1555348213685,282,37497,37647,150,109
1555348214091,283,37647,37772,150,125
1555348214484,284,37797,37904,150,132
1555348214860,285,37946,38054,149,150
1555348215218,286,38096,38198,150,144
1555348215564,287,38246,38336,150,138
1555348215896,288,38396,38464,150,128
1555348216239,289,38544,38614,148,150
1555348216573,290,38694,38760,150,146
1555348216877,291,38844,38903,150,143
1555348217169,292,38991,39053,147,150
1555348217459,293,39134,39203,143,150
1555348217749,294,39282,39353,148,150
1555348218030,295,39432,39502,150,149
1555348218298,296,39573,39652,141,150
1555348218572,297,39713,39802,140,150
1555348218845,298,39855,39952,142,150
1555348219120,299,40005,40100,150,148
1555348219387,300,40149,40250,144,150
1555348219671,301,40297,40400,148,150
1555348219956,302,40438,40550,141,150
1555348220236,303,40578,40700,140,150
1555348220515,304,40728,40848,150,148
1555348220790,305,40878,40992,150,144
1555348221071,306,41026,41142,148,150
1555348221362,307,41176,41288,150,146
1555348221650,308,41325,41438,149,150
1555348221931,309,41475,41583,150,145
1555348222204,310,41615,41733,140,150
1555348222479,311,41759,41883,144,150
1555348222749,312,41905,42033,146,150
1555348223016,313,42055,42178,150,145
1555348223282,314,42197,42328,142,150
1555348223561,315,42344,42478,147,150
1555348223841,316,42494,42627,150,149
1555348224125,317,42644,42770,150,143
1555348224418,318,42787,42920,143,150
1555348224721,319,42937,43069,150,149
1555348225020,320,43087,43214,150,145
1555348225319,321,43237,43356,150,142
1555348225616,322,43377,43506,140,150
1555348225931,323,43520,43656,143,150
1555348226252,324,43670,43803,150,147
1555348226576,325,43820,43950,150,147
1555348226890,326,43957,44100,137,150
1555348227207,327,44107,44247,150,147
1555348227506,328,44257,44394,150,147
1555348227802,329,44407,44541,150,147
1555348228102,330,44549,44691,142,150
1555348228418,331,44699,44834,150,143
1555348228728,332,44849,44978,150,144
1555348229066,333,44999,45123,150,145
1555348229445,334,45149,45268,150,145
1555348229839,335,45288,45418,139,150
1555348230193,336,45389,45568,101,150
1555348230555,337,45479,45718,90,150
1555348230909,338,45557,45868,78,150
1555348231304,339,45623,46018,66,150
1555348231740,340,45668,46168,45,150
1555348232327,341,45690,46318,22,150
1555348233045,342,45697,46468,7,150
1555348233726,343,45730,46618,33,150
1555348234298,344,45782,46768,52,150
1555348234922,345,45879,46918,97,150
1555348235479,346,45993,47068,114,150
1555348236112,347,46143,47212,150,144
1555348238096,348,46293,47360,150,148
1555348238814,349,46436,47510,143,150
1555348239279,350,46585,47660,149,150
1555348239651,351,46735,47799,150,139
1555348240003,352,46885,47945,150,146
1555348240336,353,47035,48083,150,138
1555348240651,354,47185,48226,150,143
1555348240945,355,47335,48360,150,134
1555348241242,356,47485,48498,150,138
1555348241543,357,47635,48645,150,147
1555348241828,358,47781,48795,146,150
1555348242097,359,47928,48945,147,150
1555348242359,360,48078,49091,150,146
1555348242612,361,48218,49241,140,150
1555348242873,362,48364,49391,146,150
1555348243133,363,48513,49541,149,150
1555348243398,364,48663,49685,150,144
1555348243668,365,48806,49835,143,150
1555348243938,366,48949,49985,143,150
1555348244206,367,49096,50135,147,150
1555348244478,368,49246,50273,150,138
1555348244775,369,49396,50422,150,149
1555348245076,370,49539,50572,143,150
1555348245374,371,49689,50719,150,147
1555348245667,372,49839,50863,150,144
1555348245955,373,49980,51013,141,150
1555348246250,374,50124,51163,144,150
1555348246543,375,50271,51313,147,150
1555348246828,376,50421,51458,150,145
1555348247101,377,50562,51608,141,150
1555348247394,378,50712,51757,150,149
1555348247692,379,50862,51904,150,147
1555348247990,380,51012,52049,150,145
1555348248281,381,51153,52199,141,150
1555348248582,382,51303,52344,150,145
1555348248867,383,51453,52493,150,149
1555348249151,384,51603,52634,150,141
1555348249457,385,51752,52784,149,150
1555348249769,386,51902,52929,150,145
1555348250063,387,52047,53079,145,150
1555348250359,388,52197,53225,150,146
1555348250651,389,52336,53375,139,150
1555348250965,390,52486,53523,150,148
1555348251268,391,52630,53673,144,150
1555348251589,392,52780,53822,150,149
1555348251914,393,52926,53972,146,150
1555348252251,394,53076,54113,150,141
1555348252589,395,53220,54263,144,150
1555348252920,396,53370,54397,150,134
1555348253266,397,53520,54539,150,142
1555348253622,398,53670,54673,150,134
1555348254005,399,53820,54811,150,138
1555348254436,400,53970,54943,150,132
1555348255022,401,54088,55093,118,150
1555348256799,402,54202,55243,114,150
1555365731884,1,-111,-150,-111,-150
1555365744964,2,29,0,140,150
1555365745840,3,179,141,150,141
1555365746463,4,315,291,136,150
1555365746981,5,465,436,150,145
1555365747460,6,615,581,150,145
1555365747918,7,760,731,145,150
1555365748319,8,895,881,135,150
1555365748795,9,1045,1028,150,147
1555365749152,10,1184,1178,139,150
1555365749600,11,1334,1310,150,132
1555365751891,12,1266,1460,-68,150
1555365752979,13,1416,1467,150,7
1555365754057,14,1448,1317,32,-150
1555365755337,15,1298,1180,-150,-137
1555365756112,16,1374,1330,76,150
1555365757905,17,1441,1180,67,-150
1555365758903,18,1443,1030,2,-150
1555365759402,19,1366,880,-77,-150
1555365759872,20,1232,730,-134,-150
1555365760367,21,1082,624,-150,-106
1555365767128,22,959,474,-123,-150
1555365767580,23,823,324,-136,-150
1555365767936,24,690,174,-133,-150
1555365768245,25,540,27,-150,-147
1555365768567,26,390,-107,-150,-134
1555365768868,27,248,-257,-142,-150
1555365769158,28,98,-406,-150,-149
1555365769430,29,-52,-547,-150,-141
1555365769708,30,-201,-697,-149,-150
1555365769963,31,-346,-847,-145,-150
1555365770212,32,-494,-997,-148,-150
1555365770444,33,-644,-1136,-150,-139
1555365770670,34,-794,-1285,-150,-149
1555365770892,35,-936,-1435,-142,-150
1555365771118,36,-1078,-1585,-142,-150
1555365771341,37,-1228,-1724,-150,-139
1555365771553,38,-1378,-1868,-150,-144
1555365771769,39,-1527,-2018,-149,-150
1555365771993,40,-1671,-2168,-144,-150
1555365772212,41,-1821,-2314,-150,-146
1555365772434,42,-1970,-2464,-149,-150
1555365772644,43,-2114,-2614,-144,-150
1555365772854,44,-2253,-2764,-139,-150
1555365773074,45,-2403,-2910,-150,-146
1555365773287,46,-2553,-3057,-150,-147
1555365773510,47,-2703,-3205,-150,-148
1555365773729,48,-2846,-3355,-143,-150
1555365773947,49,-2993,-3505,-147,-150
1555365774165,50,-3140,-3655,-147,-150
1555365774372,51,-3286,-3805,-146,-150
1555365774582,52,-3428,-3955,-142,-150
1555365774793,53,-3578,-4102,-150,-147
1555365774999,54,-3728,-4249,-150,-147
1555365775217,55,-3878,-4394,-150,-145
1555365775439,56,-4023,-4544,-145,-150
1555365775662,57,-4173,-4693,-150,-149
1555365775878,58,-4322,-4843,-149,-150
1555365776090,59,-4466,-4993,-144,-150
1555365776307,60,-4608,-5143,-142,-150
1555365776523,61,-4755,-5293,-147,-150
1555365776734,62,-4905,-5442,-150,-149
1555365776947,63,-5053,-5592,-148,-150
1555365777163,64,-5198,-5742,-145,-150
1555365777388,65,-5348,-5890,-150,-148
1555365777602,66,-5498,-6034,-150,-144
1555365777822,67,-5648,-6183,-150,-149
1555365778044,68,-5794,-6333,-146,-150
1555365778268,69,-5941,-6483,-147,-150
1555365778491,70,-6091,-6631,-150,-148
1555365778713,71,-6240,-6781,-149,-150
1555365778931,72,-6384,-6931,-144,-150
1555365779153,73,-6534,-7080,-150,-149
1555365779365,74,-6682,-7230,-148,-150
1555365779583,75,-6825,-7380,-143,-150
1555365779800,76,-6966,-7530,-141,-150
1555365780030,77,-7111,-7680,-145,-150
1555365780257,78,-7261,-7828,-150,-148
1555365780484,79,-7407,-7978,-146,-150
1555365780712,80,-7550,-8128,-143,-150
1555365780943,81,-7696,-8278,-146,-150
1555365781172,82,-7846,-8419,-150,-141
1555365781401,83,-7996,-8558,-150,-139
1555365781628,84,-8145,-8708,-149,-150
1555365781856,85,-8292,-8858,-147,-150
1555365782079,86,-8442,-9004,-150,-146
1555365782297,87,-8592,-9148,-150,-144
1555365782512,88,-8740,-9298,-148,-150
1555365782733,89,-8883,-9448,-143,-150
1555365782959,90,-9033,-9595,-150,-147
1555365783168,91,-9183,-9743,-150,-148
1555365783377,92,-9323,-9893,-140,-150
1555365783591,93,-9465,-10043,-142,-150
1555365783807,94,-9611,-10193,-146,-150
1555365784031,95,-9760,-10343,-149,-150
1555365784250,96,-9907,-10493,-147,-150
1555365784482,97,-10056,-10643,-149,-150
1555365784714,98,-10206,-10789,-150,-146
1555365784943,99,-10353,-10939,-147,-150
1555365785173,100,-10496,-11089,-143,-150
1555365785394,101,-10639,-11239,-143,-150
1555365785619,102,-10788,-11389,-149,-150
1555365785842,103,-10938,-11536,-150,-147
1555365786074,104,-11082,-11686,-144,-150
1555365786306,105,-11229,-11836,-147,-150
1555365786529,106,-11376,-11986,-147,-150
1555365786751,107,-11526,-12135,-150,-149
1555365786979,108,-11676,-12283,-150,-148
1555365787215,109,-11822,-12433,-146,-150
1555365787457,110,-11969,-12583,-147,-150
1555365787691,111,-12119,-12732,-150,-149
1555365787921,112,-12265,-12882,-146,-150
1555365788150,113,-12411,-13032,-146,-150
1555365788381,114,-12558,-13182,-147,-150
1555365788608,115,-12708,-13328,-150,-146
1555365788837,116,-12856,-13478,-148,-150
1555365789073,117,-13005,-13628,-149,-150
1555365789309,118,-13153,-13778,-148,-150
1555365789540,119,-13303,-13927,-150,-149
1555365789769,120,-13448,-14077,-145,-150
1555365790007,121,-13592,-14227,-144,-150
1555365790257,122,-13737,-14377,-145,-150
1555365790501,123,-13886,-14527,-149,-150
1555365790740,124,-14026,-14677,-140,-150
1555365790981,125,-14159,-14827,-133,-150
1555365791226,126,-14292,-14977,-133,-150
1555365791475,127,-14435,-15127,-143,-150
1555365791736,128,-14577,-15277,-142,-150
1555365792031,129,-14727,-15423,-150,-146
1555365792332,130,-14876,-15573,-149,-150
1555365792613,131,-15026,-15716,-150,-143
1555365792917,132,-15176,-15860,-150,-144
1555365793274,133,-15326,-15990,-150,-130
1555365793797,134,-15476,-16116,-150,-126
1555365800099,135,-15326,-16067,150,49
1555365801194,136,-15176,-15928,150,139
1555365812521,137,-15040,-15778,136,150
1555365813571,138,-15190,-15842,-150,-64
1555365814063,139,-15340,-15988,-150,-146
1555365814504,140,-15452,-16138,-112,-150
1555365814918,141,-15525,-16288,-73,-150
1555365815308,142,-15592,-16438,-67,-150
1555365815728,143,-15678,-16588,-86,-150
1555365816131,144,-15767,-16738,-89,-150
1555365816510,145,-15864,-16888,-97,-150
1555365816917,146,-15976,-17038,-112,-150
1555365817415,147,-16121,-17188,-145,-150
1555365817914,148,-16271,-17302,-150,-114
1555365818510,149,-16421,-17399,-150,-97
1555365819224,150,-16571,-17465,-150,-66
1555365820343,151,-16721,-17411,-150,54
1555365844232,152,-16745,-17561,-24,-150
1555365845321,153,-16595,-17549,150,12
1555365845817,154,-16445,-17401,150,148
1555365846322,155,-16295,-17291,150,110
1555365846842,156,-16145,-17172,150,119
1555365847353,157,-15995,-17091,150,81
1555365847926,158,-15892,-16941,103,150
1555365848276,159,-15787,-16791,105,150
1555365848623,160,-15688,-16641,99,150
1555365850066,161,-15838,-16536,-150,105
1555365854283,162,-15988,-16635,-150,-99
1555365854710,163,-16129,-16785,-141,-150
1555365855002,164,-16279,-16924,-150,-139
1555365855253,165,-16429,-17065,-150,-141
1555365855495,166,-16579,-17209,-150,-144
1555365855730,167,-16729,-17356,-150,-147
1555365855949,168,-16879,-17498,-150,-142
1555365856172,169,-17029,-17643,-150,-145
1555365856380,170,-17175,-17793,-146,-150
1555365856586,171,-17317,-17943,-142,-150
1555365856778,172,-17467,-18090,-150,-147
1555365856961,173,-17612,-18240,-145,-150
1555365857152,174,-17756,-18390,-144,-150
1555365857341,175,-17901,-18540,-145,-150
1555365857519,176,-18050,-18690,-149,-150
1555365857696,177,-18198,-18840,-148,-150
1555365857874,178,-18342,-18990,-144,-150
1555365858061,179,-18485,-19140,-143,-150
1555365858249,180,-18632,-19290,-147,-150
1555365858433,181,-18779,-19440,-147,-150
1555365858619,182,-18923,-19590,-144,-150
1555365858812,183,-19066,-19740,-143,-150
1555365859015,184,-19216,-19888,-150,-148
1555365859219,185,-19366,-20028,-150,-140
1555365859418,186,-19516,-20163,-150,-135
1555365859628,187,-19666,-20292,-150,-129
1555365859834,188,-19816,-20426,-150,-134
1555365860034,189,-19966,-20555,-150,-129
1555365860246,190,-20116,-20698,-150,-143
1555365860459,191,-20266,-20843,-150,-145
1555365860674,192,-20411,-20993,-145,-150
1555365860877,193,-20552,-21143,-141,-150
1555365861074,194,-20688,-21293,-136,-150
1555365861283,195,-20831,-21443,-143,-150
1555365861491,196,-20974,-21593,-143,-150
1555365861691,197,-21110,-21743,-136,-150
1555365861885,198,-21245,-21893,-135,-150
1555365862080,199,-21379,-22043,-134,-150
1555365862284,200,-21521,-22193,-142,-150
1555365862488,201,-21670,-22343,-149,-150
1555365862693,202,-21813,-22493,-143,-150
1555365862896,203,-21957,-22643,-144,-150
1555365863093,204,-22098,-22793,-141,-150
1555365863290,205,-22248,-22939,-150,-146
1555365863495,206,-22398,-23084,-150,-145
1555365863702,207,-22548,-23229,-150,-145
1555365863911,208,-22691,-23379,-143,-150
1555365864112,209,-22832,-23529,-141,-150
1555365864313,210,-22977,-23679,-145,-150
1555365864518,211,-23127,-23827,-150,-148
1555365864725,212,-23272,-23977,-145,-150
1555365864931,213,-23419,-24127,-147,-150
1555365865129,214,-23569,-24276,-150,-149
1555365865324,215,-23714,-24426,-145,-150
1555365865533,216,-23859,-24576,-145,-150
1555365865738,217,-24006,-24726,-147,-150
1555365865942,218,-24156,-24875,-150,-149
1555365866151,219,-24306,-25024,-150,-149
1555365866361,220,-24453,-25174,-147,-150
1555365866563,221,-24603,-25321,-150,-147
1555365866767,222,-24752,-25471,-149,-150
1555365866970,223,-24900,-25621,-148,-150
1555365867175,224,-25042,-25771,-142,-150
1555365867371,225,-25181,-25921,-139,-150
1555365867563,226,-25317,-26071,-136,-150
1555365867759,227,-25452,-26221,-135,-150
1555365867959,228,-25580,-26371,-128,-150
1555365868157,229,-25699,-26521,-119,-150
1555365868354,230,-25816,-26671,-117,-150
1555365868552,231,-25923,-26821,-107,-150
1555365868761,232,-26029,-26971,-106,-150
1555365868971,233,-26131,-27121,-102,-150
1555365869195,234,-26232,-27271,-101,-150
1555365869424,235,-26341,-27421,-109,-150
1555365869654,236,-26447,-27571,-106,-150
1555365869897,237,-26555,-27721,-108,-150
1555365870140,238,-26660,-27871,-105,-150
1555365870405,239,-26770,-28021,-110,-150
1555365870696,240,-26891,-28171,-121,-150
1555365871093,241,-27041,-28316,-150,-145
1555365872320,242,-26978,-28166,63,150
1555365872774,243,-26888,-28016,90,150
1555365890432,244,-26738,-27878,150,138
1555365890873,245,-26588,-27773,150,105
1555365891137,246,-26463,-27623,125,150
1555365891377,247,-26342,-27473,121,150
1555365891591,248,-26246,-27323,96,150
1555365891813,249,-26153,-27173,93,150
1555365892034,250,-26058,-27023,95,150
1555365892256,251,-25964,-26873,94,150
1555365892488,252,-25863,-26723,101,150
1555365892720,253,-25754,-26573,109,150
1555365892947,254,-25636,-26423,118,150
1555365893159,255,-25503,-26273,133,150
1555365893359,256,-25357,-26123,146,150
1555365893543,257,-25217,-25973,140,150
1555365893728,258,-25082,-25823,135,150
1555365893904,259,-24947,-25673,135,150
1555365894075,260,-24805,-25523,142,150
1555365894254,261,-24655,-25374,150,149
1555365894428,262,-24505,-25226,150,148
1555365894607,263,-24361,-25076,144,150
1555365894790,264,-24211,-24927,150,149
1555365894952,265,-24061,-24785,150,142
1555365895123,266,-23911,-24636,150,149
1555365895298,267,-23764,-24486,147,150
1555365895464,268,-23614,-24340,150,146
1555365895637,269,-23464,-24191,150,149
1555365895807,270,-23314,-24044,150,147
1555365895973,271,-23166,-23894,148,150
1555365896143,272,-23024,-23744,142,150
1555365896315,273,-22874,-23595,150,149
1555365896485,274,-22724,-23449,150,146
1555365896665,275,-22583,-23299,141,150
1555365896837,276,-22439,-23149,144,150
1555365897009,277,-22289,-23000,150,149
1555365897191,278,-22143,-22850,146,150
1555365897376,279,-21997,-22700,146,150
1555365897564,280,-21854,-22550,143,150
1555365897751,281,-21709,-22400,145,150
1555365897937,282,-21560,-22250,149,150
1555365898126,283,-21427,-22100,133,150
1555365898313,284,-21296,-21950,131,150
1555365898497,285,-21172,-21800,124,150
1555365898680,286,-21051,-21650,121,150
1555365898867,287,-20920,-21500,131,150
1555365899068,288,-20790,-21350,130,150
1555365899271,289,-20651,-21200,139,150
1555365899474,290,-20501,-21051,150,149
1555365899668,291,-20351,-20913,150,138
1555365899855,292,-20201,-20784,150,129
1555365900047,293,-20051,-20657,150,127
1555365900229,294,-19901,-20533,150,124
1555365900412,295,-19751,-20400,150,133
1555365900601,296,-19601,-20261,150,139
1555365900781,297,-19451,-20123,150,138
1555365900967,298,-19301,-19983,150,140
1555365901147,299,-19151,-19844,150,139
1555365901332,300,-19004,-19694,147,150
1555365901520,301,-18865,-19544,139,150
1555365901704,302,-18715,-19396,150,148
1555365901886,303,-18565,-19252,150,144
1555365902081,304,-18423,-19102,142,150
1555365902275,305,-18276,-18952,147,150
1555365902477,306,-18133,-18802,143,150
1555365902700,307,-17983,-18653,150,149
1555365902943,308,-17840,-18503,143,150
1555365903182,309,-17690,-18360,150,143
1555365903410,310,-17552,-18210,138,150
1555365903644,311,-17406,-18060,146,150
1555365903867,312,-17260,-17910,146,150
1555365904091,313,-17110,-17765,150,145
1555365904309,314,-16965,-17615,145,150
1555365904528,315,-16815,-17466,150,149
1555365904759,316,-16676,-17316,139,150
1555365905013,317,-16526,-17168,150,148
1555365905307,318,-16379,-17018,147,150
1555365905745,319,-16233,-16868,146,150
1555365906325,320,-16083,-16745,150,123
1555365906896,321,-15933,-16646,150,99
1555365908106,322,-15783,-16550,150,96
1555365910469,323,-15889,-16700,-106,-150
1555365910972,324,-15965,-16850,-76,-150
1555365911345,325,-16032,-17000,-67,-150
1555365911721,326,-16130,-17150,-98,-150
1555365912112,327,-16241,-17300,-111,-150
1555365912575,328,-16391,-17445,-150,-145
1555365913008,329,-16541,-17560,-150,-115
1555365913445,330,-16691,-17674,-150,-114
1555365913868,331,-16841,-17754,-150,-80
1555365914630,332,-16991,-17754,-150,0
1555365935388,333,-16841,-17783,150,-29
1555365935916,334,-16691,-17662,150,121
1555365936341,335,-16541,-17543,150,119
1555365936675,336,-16391,-17449,150,94
1555365936978,337,-16241,-17338,150,111
1555365937279,338,-16091,-17254,150,84
1555365937630,339,-15941,-17153,150,101
1555365937954,340,-15791,-17070,150,83
1555365938307,341,-15641,-17007,150,63
1555365939615,342,-15604,-17157,37,-150
1555365939990,343,-15754,-17305,-150,-148
1555365940326,344,-15897,-17455,-143,-150
1555365940641,345,-16036,-17605,-139,-150
1555365940940,346,-16186,-17754,-150,-149
1555365941202,347,-16336,-17890,-150,-136
1555365941458,348,-16479,-18040,-143,-150
1555365941714,349,-16626,-18190,-147,-150
1555365941966,350,-16776,-18336,-150,-146
1555365942207,351,-16926,-18476,-150,-140
1555365942447,352,-17076,-18625,-150,-149
1555365942683,353,-17218,-18775,-142,-150
1555365942905,354,-17358,-18925,-140,-150
1555365943130,355,-17507,-19075,-149,-150
1555365943356,356,-17657,-19223,-150,-148
1555365943585,357,-17804,-19373,-147,-150
1555365943818,358,-17946,-19523,-142,-150
1555365944043,359,-18096,-19667,-150,-144
1555365944280,360,-18246,-19816,-150,-149
1555365944513,361,-18392,-19966,-146,-150
1555365944741,362,-18533,-20116,-141,-150
1555365944960,363,-18683,-20253,-150,-137
1555365945185,364,-18833,-20391,-150,-138
1555365945415,365,-18979,-20541,-146,-150
1555365945625,366,-19111,-20691,-132,-150
1555365945836,367,-19256,-20841,-145,-150
1555365946044,368,-19406,-20983,-150,-142
1555365946246,369,-19556,-21125,-150,-142
1555365946452,370,-19699,-21275,-143,-150
1555365946654,371,-19848,-21425,-149,-150
1555365946853,372,-19991,-21575,-143,-150
1555365947045,373,-20132,-21725,-141,-150
1555365947235,374,-20271,-21875,-139,-150
1555365947430,375,-20417,-22025,-146,-150
1555365947623,376,-20567,-22166,-150,-141
1555365947813,377,-20708,-22316,-141,-150
1555365948006,378,-20841,-22466,-133,-150
1555365948202,379,-20977,-22616,-136,-150
1555365948396,380,-21122,-22766,-145,-150
1555365948587,381,-21259,-22916,-137,-150
1555365948784,382,-21385,-23066,-126,-150
1555365948988,383,-21504,-23216,-119,-150
1555365949211,384,-21627,-23366,-123,-150
1555365949431,385,-21746,-23516,-119,-150
1555365949659,386,-21865,-23666,-119,-150
1555365949900,387,-21985,-23816,-120,-150
1555365950139,388,-22105,-23966,-120,-150
1555365950385,389,-22225,-24116,-120,-150
1555365950683,390,-22346,-24266,-121,-150
1555365951102,391,-22468,-24416,-122,-150
1555365977778,392,-22618,-24540,-150,-124
1555365978374,393,-22768,-24688,-150,-148
1555365978769,394,-22909,-24838,-141,-150
1555365979125,395,-23059,-24987,-150,-149
1555365979445,396,-23209,-25122,-150,-135
1555365979779,397,-23358,-25272,-149,-150
1555365980088,398,-23508,-25418,-150,-146
1555365980397,399,-23658,-25567,-150,-149
1555365980692,400,-23808,-25703,-150,-136
1555365981002,401,-23958,-25833,-150,-130
1555365981300,402,-24108,-25966,-150,-133
1555365981600,403,-24258,-26099,-150,-133
1555365981912,404,-24408,-26228,-150,-129
1555365982248,405,-24558,-26344,-150,-116
1555365982572,406,-24708,-26458,-150,-114
1555365982919,407,-24858,-26576,-150,-118
1555365983294,408,-25008,-26707,-150,-131
1555365983675,409,-25158,-26833,-150,-126
1555365984105,410,-25308,-26969,-150,-136
1555365984635,411,-25458,-27105,-150,-136
1555365986504,412,-25351,-26955,107,150
1555365987054,413,-25201,-26837,150,118
1555365987706,414,-25055,-26687,146,150
1555365990002,415,-25183,-26837,-128,-150
1555365990518,416,-25333,-26955,-150,-118
1555365991165,417,-25483,-27072,-150,-117
1555365993014,418,-25633,-27199,-150,-127
1555366020100,419,-25766,-27349,-133,-150
1555366020763,420,-25916,-27490,-150,-141
1555366021227,421,-26056,-27640,-140,-150
1555366021610,422,-26194,-27790,-138,-150
1555366021959,423,-26320,-27940,-126,-150
1555366022334,424,-26462,-28090,-142,-150
1555366022702,425,-26604,-28240,-142,-150
1555366023053,426,-26734,-28390,-130,-150
1555366023415,427,-26847,-28540,-113,-150
1555366023807,428,-26965,-28690,-118,-150
1555366024201,429,-27080,-28840,-115,-150
1555366024611,430,-27196,-28990,-116,-150
1555366025029,431,-27295,-29140,-99,-150
1555366025490,432,-27407,-29290,-112,-150
1555366025968,433,-27508,-29440,-101,-150
1555366026481,434,-27626,-29590,-118,-150
1555366026944,435,-27763,-29740,-137,-150
1555366027402,436,-27913,-29885,-150,-145
1555366027844,437,-28063,-30026,-150,-141
1555366028268,438,-28213,-30150,-150,-124
1555366028655,439,-28363,-30265,-150,-115
1555366029002,440,-28513,-30375,-150,-110
1555366029386,441,-28663,-30485,-150,-110
1555366029777,442,-28813,-30583,-150,-98
1555366030132,443,-28963,-30674,-150,-91
1555366030516,444,-29113,-30757,-150,-83
1555366030968,445,-29263,-30845,-150,-88
1555366031434,446,-29413,-30923,-150,-78
1555366031884,447,-29563,-30994,-150,-71
1555366032352,448,-29713,-31062,-150,-68
1555366032798,449,-29863,-31146,-150,-84
1555366033176,450,-30013,-31239,-150,-93
1555366033539,451,-30163,-31334,-150,-95
1555366033901,452,-30313,-31440,-150,-106
1555366034285,453,-30463,-31553,-150,-113
1555366034644,454,-30613,-31662,-150,-109
1555366035024,455,-30763,-31787,-150,-125
1555366035406,456,-30913,-31935,-150,-148
1555366035804,457,-31056,-32085,-143,-150
1555366036176,458,-31206,-32219,-150,-134
1555366036573,459,-31356,-32347,-150,-128
1555366036947,460,-31506,-32477,-150,-130
1555366037333,461,-31656,-32598,-150,-121
1555366037677,462,-31806,-32685,-150,-87
1555366038029,463,-31956,-32753,-150,-68
1555366038408,464,-32106,-32853,-150,-100
1555366038802,465,-32256,-32983,-150,-130
1555366039154,466,-32406,-33123,-150,-140
1555366039508,467,-32555,-33273,-149,-150
1555366039835,468,-32696,-33423,-141,-150
1555366040164,469,-32836,-33573,-140,-150
1555366040476,470,-32972,-33723,-136,-150
1555366040773,471,-33108,-33873,-136,-150
1555366041068,472,-33246,-34023,-138,-150
1555366041370,473,-33390,-34173,-144,-150
1555366041688,474,-33531,-34323,-141,-150
1555366042001,475,-33678,-34473,-147,-150
1555366042311,476,-33828,-34615,-150,-142
1555366042629,477,-33978,-34753,-150,-138
1555366042955,478,-34121,-34903,-143,-150
1555366043266,479,-34263,-35053,-142,-150
1555366043559,480,-34400,-35203,-137,-150
1555366043866,481,-34542,-35353,-142,-150
1555366044176,482,-34668,-35503,-126,-150
1555366044505,483,-34787,-35653,-119,-150
1555366044835,484,-34886,-35803,-99,-150
1555366045171,485,-34999,-35953,-113,-150
1555366045496,486,-35098,-36103,-99,-150
1555366045834,487,-35199,-36253,-101,-150
1555366046168,488,-35307,-36403,-108,-150
1555366046515,489,-35429,-36553,-122,-150
1555366046862,490,-35552,-36703,-123,-150
1555366047206,491,-35687,-36853,-135,-150
1555366047545,492,-35821,-37003,-134,-150
1555366047885,493,-35965,-37153,-144,-150
1555366048229,494,-36114,-37303,-149,-150
1555366048557,495,-36264,-37448,-150,-145
1555366048875,496,-36412,-37598,-148,-150
1555366049189,497,-36562,-37741,-150,-143
1555366049500,498,-36712,-37882,-150,-141
1555366049806,499,-36862,-38014,-150,-132
1555366050107,500,-37012,-38147,-150,-133
1555366050408,501,-37162,-38278,-150,-131
1555366050690,502,-37312,-38399,-150,-121
1555366050975,503,-37462,-38517,-150,-118
1555366051268,504,-37612,-38632,-150,-115
1555366051564,505,-37762,-38749,-150,-117
1555366051851,506,-37912,-38862,-150,-113
1555366052148,507,-38062,-38977,-150,-115
1555366052438,508,-38212,-39105,-150,-128
1555366052738,509,-38362,-39240,-150,-135
1555366053030,510,-38512,-39379,-150,-139
1555366053324,511,-38662,-39517,-150,-138
1555366053650,512,-38812,-39664,-150,-147
1555366053977,513,-38962,-39813,-150,-149
1555366054295,514,-39111,-39963,-149,-150
1555366054629,515,-39261,-40112,-150,-149
1555366054980,516,-39407,-40262,-146,-150
1555366055396,517,-39556,-40412,-149,-150
1555366055822,518,-39702,-40562,-146,-150
1555366056320,519,-39851,-40712,-149,-150
1555366056820,520,-40000,-40862,-149,-150
1555366057355,521,-40149,-41012,-149,-150
1555366057837,522,-40299,-41157,-150,-145
1555366058293,523,-40449,-41296,-150,-139
1555366058702,524,-40599,-41436,-150,-140
1555366059025,525,-40735,-41586,-136,-150
1555366059292,526,-40879,-41736,-144,-150
1555366059545,527,-41027,-41886,-148,-150
1555366059790,528,-41175,-42036,-148,-150
1555366060023,529,-41316,-42186,-141,-150
1555366060260,530,-41461,-42336,-145,-150
1555366060504,531,-41611,-42479,-150,-143
1555366060760,532,-41760,-42629,-149,-150
1555366061015,533,-41900,-42779,-140,-150
1555366061267,534,-42041,-42929,-141,-150
1555366061520,535,-42191,-43078,-150,-149
1555366061779,536,-42341,-43226,-150,-148
1555366062030,537,-42485,-43376,-144,-150
1555366062283,538,-42631,-43526,-146,-150
1555366062522,539,-42781,-43670,-150,-144
1555366062778,540,-42931,-43818,-150,-148
1555366063035,541,-43074,-43968,-143,-150
1555366063283,542,-43215,-44118,-141,-150
1555366063532,543,-43365,-44263,-150,-145
1555366063794,544,-43515,-44410,-150,-147
1555366064067,545,-43659,-44560,-144,-150
1555366064341,546,-43805,-44710,-146,-150
1555366064613,547,-43955,-44855,-150,-145
1555366064887,548,-44105,-45000,-150,-145
1555366065165,549,-44250,-45150,-145,-150
1555366065441,550,-44393,-45300,-143,-150
1555366065711,551,-44543,-45448,-150,-148
1555366065985,552,-44693,-45593,-150,-145
1555366066248,553,-44837,-45743,-144,-150
1555366066524,554,-44981,-45893,-144,-150
1555366066798,555,-45131,-46042,-150,-149
1555366067077,556,-45281,-46187,-150,-145
1555366067355,557,-45430,-46337,-149,-150
1555366067631,558,-45574,-46487,-144,-150
1555366067894,559,-45724,-46635,-150,-148
1555366068160,560,-45874,-46778,-150,-143
1555366068433,561,-46024,-46926,-150,-148
1555366068702,562,-46168,-47076,-144,-150
1555366068970,563,-46318,-47222,-150,-146
1555366069235,564,-46468,-47366,-150,-144
1555366069506,565,-46615,-47516,-147,-150
1555366069767,566,-46759,-47666,-144,-150
1555366070027,567,-46908,-47816,-149,-150
1555366070287,568,-47058,-47961,-150,-145
1555366070547,569,-47208,-48110,-150,-149
1555366070812,570,-47355,-48260,-147,-150
1555366071067,571,-47505,-48402,-150,-142
1555366071331,572,-47655,-48539,-150,-137
1555366071594,573,-47805,-48681,-150,-142
1555366071860,574,-47955,-48820,-150,-139
1555366072122,575,-48105,-48957,-150,-137
1555366072383,576,-48255,-49091,-150,-134
1555366072660,577,-48405,-49231,-150,-140
1555366072938,578,-48555,-49376,-150,-145
1555366073217,579,-48705,-49525,-150,-149
1555366073484,580,-48853,-49675,-148,-150
1555366073759,581,-48995,-49825,-142,-150
1555366074029,582,-49131,-49975,-136,-150
1555366074295,583,-49267,-50125,-136,-150
1555366074562,584,-49407,-50275,-140,-150
1555366074835,585,-49543,-50425,-136,-150
1555366075107,586,-49677,-50575,-134,-150
1555366075375,587,-49816,-50725,-139,-150
1555366075646,588,-49961,-50875,-145,-150
1555366075914,589,-50108,-51025,-147,-150
1555366076182,590,-50250,-51175,-142,-150
1555366076439,591,-50394,-51325,-144,-150
1555366076695,592,-50544,-51471,-150,-146
1555366076952,593,-50694,-51620,-150,-149
1555366077200,594,-50835,-51770,-141,-150
1555366077439,595,-50976,-51920,-141,-150
1555366077678,596,-51125,-52070,-149,-150
1555366077923,597,-51275,-52213,-150,-143
1555366078163,598,-51419,-52363,-144,-150
1555366078401,599,-51559,-52513,-140,-150
1555366078643,600,-51708,-52663,-149,-150
1555366078884,601,-51858,-52811,-150,-148
1555366079125,602,-52002,-52961,-144,-150
1555366079365,603,-52146,-53111,-144,-150
1555366079609,604,-52296,-53257,-150,-146
1555366079850,605,-52446,-53402,-150,-145
1555366080098,606,-52592,-53552,-146,-150
1555366080350,607,-52737,-53702,-145,-150
1555366080606,608,-52887,-53850,-150,-148
1555366080867,609,-53037,-53996,-150,-146
1555366081116,610,-53186,-54146,-149,-150
1555366081370,611,-53328,-54296,-142,-150
1555366081619,612,-53477,-54446,-149,-150
1555366081880,613,-53624,-54596,-147,-150
1555366082134,614,-53764,-54746,-140,-150
1555366082375,615,-53889,-54896,-125,-150
1555366082624,616,-54014,-55046,-125,-150
1555366082876,617,-54135,-55196,-121,-150
1555366083122,618,-54243,-55346,-108,-150
1555366083366,619,-54346,-55496,-103,-150
1555366083624,620,-54448,-55646,-102,-150
1555366083891,621,-54548,-55796,-100,-150
1555366084163,622,-54643,-55946,-95,-150
1555366084453,623,-54745,-56096,-102,-150
1555366084742,624,-54859,-56246,-114,-150
1555366085025,625,-54983,-56396,-124,-150
1555366085294,626,-55102,-56546,-119,-150
1555366085565,627,-55238,-56696,-136,-150
1555366085824,628,-55388,-56841,-150,-145
1555366086090,629,-55538,-56988,-150,-147
1555366086341,630,-55681,-57138,-143,-150
1555366086605,631,-55829,-57288,-148,-150
1555366086851,632,-55979,-57432,-150,-144
1555366087098,633,-56129,-57575,-150,-143
1555366087343,634,-56272,-57725,-143,-150
1555366087584,635,-56416,-57875,-144,-150
1555366087826,636,-56564,-58025,-148,-150
1555366088061,637,-56714,-58169,-150,-144
1555366088299,638,-56861,-58319,-147,-150
1555366088534,639,-57011,-58468,-150,-149
1555366088766,640,-57161,-58616,-150,-148
1555366089001,641,-57311,-58759,-150,-143
1555366089233,642,-57459,-58909,-148,-150
1555366089472,643,-57609,-59058,-150,-149
1555366089706,644,-57759,-59207,-150,-149
1555366089947,645,-57909,-59352,-150,-145
1555366090186,646,-58052,-59502,-143,-150
1555366090423,647,-58194,-59652,-142,-150
1555366090659,648,-58344,-59799,-150,-147
1555366090893,649,-58494,-59945,-150,-146
1555366091129,650,-58637,-60095,-143,-150
1555366091376,651,-58784,-60245,-147,-150
1555366091614,652,-58934,-60392,-150,-147
1555366091856,653,-59084,-60540,-150,-148
1555366092482,654,-59225,-60690,-141,-150
1555366092558,655,-59369,-60840,-144,-150
1555366092633,656,-59519,-60987,-150,-147
1555366092810,657,-59669,-61132,-150,-145
1555366093049,658,-59815,-61282,-146,-150
1555366093277,659,-59959,-61432,-144,-150
1555366093508,660,-60108,-61582,-149,-150
1555366093743,661,-60258,-61729,-150,-147
1555366093986,662,-60405,-61879,-147,-150
1555366094230,663,-60553,-62029,-148,-150
1555366094456,664,-60700,-62179,-147,-150
1555366094692,665,-60850,-62324,-150,-145
1555366094931,666,-60994,-62474,-144,-150
1555366095186,667,-61144,-62621,-150,-147
1555366095442,668,-61294,-62770,-150,-149
1555366095681,669,-61444,-62913,-150,-143
1555366095921,670,-61589,-63063,-145,-150
1555366096150,671,-61730,-63213,-141,-150
1555366096379,672,-61878,-63363,-148,-150
1555366096599,673,-62028,-63507,-150,-144
1555366096829,674,-62175,-63657,-147,-150
1555366097058,675,-62317,-63807,-142,-150
1555366097275,676,-62463,-63957,-146,-150
1555366097498,677,-62613,-64102,-150,-145
1555366097729,678,-62762,-64252,-149,-150
1555366097963,679,-62904,-64402,-142,-150
1555366098197,680,-63049,-64552,-145,-150
1555366098425,681,-63199,-64697,-150,-145
1555366098671,682,-63349,-64846,-150,-149
1555366098915,683,-63494,-64996,-145,-150
1555366099169,684,-63644,-65143,-150,-147
1555366099417,685,-63794,-65286,-150,-143
1555366099667,686,-63944,-65435,-150,-149
1555366099911,687,-64087,-65585,-143,-150
1555366100151,688,-64232,-65735,-145,-150
1555366100394,689,-64382,-65884,-150,-149
1555366100641,690,-64532,-66030,-150,-146
1555366100895,691,-64680,-66180,-148,-150
1555366101149,692,-64830,-66327,-150,-147
1555366101410,693,-64980,-66472,-150,-145
1555366101682,694,-65130,-66619,-150,-147
1555366101954,695,-65276,-66769,-146,-150
1555366102220,696,-65418,-66919,-142,-150
1555366102490,697,-65562,-67069,-144,-150
1555366102783,698,-65710,-67219,-148,-150
1555366103078,699,-65853,-67369,-143,-150
1555366103427,700,-65995,-67519,-142,-150
1555366103890,701,-66141,-67669,-146,-150
1555366111046,702,-66291,-67808,-150,-139
1555366112273,703,-66436,-67958,-145,-150
1555366112682,704,-66572,-68108,-136,-150
1555366112995,705,-66722,-68257,-150,-149
1555366113263,706,-66872,-68403,-150,-146
1555366113515,707,-67014,-68553,-142,-150
1555366113755,708,-67155,-68703,-141,-150
1555366113990,709,-67305,-68852,-150,-149
1555366114217,710,-67455,-68996,-150,-144
1555366114445,711,-67603,-69146,-148,-150
1555366114681,712,-67747,-69296,-144,-150
1555366114914,713,-67897,-69442,-150,-146
1555366115146,714,-68047,-69576,-150,-134
1555366115386,715,-68197,-69720,-150,-144
1555366115648,716,-68347,-69864,-150,-144
1555366115927,717,-68497,-69978,-150,-114
1555366116227,718,-68647,-70058,-150,-80
1555366116546,719,-68797,-70124,-150,-66
1555366116914,720,-68947,-70166,-150,-42
1555366117392,721,-69097,-70131,-150,35
1555366118182,722,-69247,-70022,-150,109
1555366118633,723,-69397,-70042,-150,-20
1555366119040,724,-69547,-70140,-150,-98
1555366119355,725,-69697,-70278,-150,-138
1555366119608,726,-69847,-70422,-150,-144
1555366119843,727,-69992,-70572,-145,-150
1555366120073,728,-70141,-70722,-149,-150
1555366120290,729,-70291,-70868,-150,-146
1555366120507,730,-70437,-71018,-146,-150
1555366120716,731,-70576,-71168,-139,-150
1555366120921,732,-70714,-71318,-138,-150
1555366121126,733,-70858,-71468,-144,-150
1555366121323,734,-71001,-71618,-143,-150
1555366121524,735,-71142,-71768,-141,-150
1555366121730,736,-71281,-71918,-139,-150
1555366121935,737,-71424,-72068,-143,-150
1555366122139,738,-71571,-72218,-147,-150
1555366122338,739,-71719,-72368,-148,-150
1555366122541,740,-71865,-72518,-146,-150
1555366122749,741,-72015,-72667,-150,-149
1555366122953,742,-72164,-72817,-149,-150
1555366123157,743,-72310,-72967,-146,-150
1555366123370,744,-72456,-73117,-146,-150
1555366123582,745,-72605,-73267,-149,-150
1555366123794,746,-72752,-73417,-147,-150
1555366124007,747,-72902,-73566,-150,-149
1555366124225,748,-73050,-73716,-148,-150
1555366124441,749,-73200,-73864,-150,-148
1555366124652,750,-73350,-74012,-150,-148
1555366124863,751,-73499,-74162,-149,-150
1555366125077,752,-73647,-74312,-148,-150
1555366125288,753,-73796,-74462,-149,-150
1555366125497,754,-73946,-74611,-150,-149
1555366125711,755,-74095,-74761,-149,-150
1555366125925,756,-74242,-74911,-147,-150
1555366126145,757,-74391,-75061,-149,-150
1555366126356,758,-74540,-75211,-149,-150
1555366126568,759,-74686,-75361,-146,-150
1555366126780,760,-74832,-75511,-146,-150
1555366126994,761,-74977,-75661,-145,-150
1555366127205,762,-75126,-75811,-149,-150
1555366127416,763,-75274,-75961,-148,-150
1555366127631,764,-75424,-76109,-150,-148
1555366127842,765,-75572,-76259,-148,-150
1555366128043,766,-75722,-76408,-150,-149
1555366128244,767,-75867,-76558,-145,-150
1555366128449,768,-76013,-76708,-146,-150
1555366128656,769,-76161,-76858,-148,-150
1555366128858,770,-76311,-77005,-150,-147
1555366129054,771,-76457,-77155,-146,-150
1555366129259,772,-76605,-77305,-148,-150
1555366129470,773,-76755,-77452,-150,-147
1555366129672,774,-76905,-77594,-150,-142
1555366129880,775,-77053,-77744,-148,-150
1555366130089,776,-77203,-77893,-150,-149
1555366130293,777,-77345,-78043,-142,-150
1555366130497,778,-77494,-78193,-149,-150
1555366130705,779,-77643,-78343,-149,-150
1555366130914,780,-77792,-78493,-149,-150
1555366131123,781,-77942,-78642,-150,-149
1555366131320,782,-78092,-78791,-150,-149
1555366131521,783,-78239,-78941,-147,-150
1555366131724,784,-78388,-79091,-149,-150
1555366131935,785,-78538,-79240,-150,-149
1555366132140,786,-78688,-79385,-150,-145
1555366132340,787,-78834,-79535,-146,-150
1555366132541,788,-78976,-79685,-142,-150
1555366132748,789,-79120,-79835,-144,-150
1555366132947,790,-79269,-79985,-149,-150
1555366133150,791,-79417,-80135,-148,-150
1555366133352,792,-79566,-80285,-149,-150
1555366133556,793,-79708,-80435,-142,-150
1555366133760,794,-79857,-80585,-149,-150
1555366133963,795,-80007,-80734,-150,-149
1555366134169,796,-80157,-80883,-150,-149
1555366134388,797,-80307,-81032,-150,-149
1555366134600,798,-80457,-81181,-150,-149
1555366134811,799,-80602,-81331,-145,-150
1555366135027,800,-80751,-81481,-149,-150
1555366135251,801,-80899,-81631,-148,-150
1555366135479,802,-81049,-81773,-150,-142
1555366135710,803,-81198,-81923,-149,-150
1555366135951,804,-81346,-82073,-148,-150
1555366136211,805,-81495,-82223,-149,-150
1555366136452,806,-81645,-82369,-150,-146
1555366136712,807,-81795,-82518,-150,-149
1555366136951,808,-81936,-82668,-141,-150
1555366137185,809,-82071,-82818,-135,-150
1555366137423,810,-82212,-82968,-141,-150
1555366137656,811,-82355,-83118,-143,-150
1555366137882,812,-82501,-83268,-146,-150
1555366138104,813,-82651,-83416,-150,-148
1555366138318,814,-82801,-83558,-150,-142
1555366138527,815,-82951,-83695,-150,-137
1555366138731,816,-83101,-83828,-150,-133
1555366138940,817,-83251,-83953,-150,-125
1555366139143,818,-83401,-84068,-150,-115
1555366139341,819,-83551,-84177,-150,-109
1555366139543,820,-83701,-84290,-150,-113
1555366139753,821,-83851,-84407,-150,-117
1555366139967,822,-84001,-84519,-150,-112
1555366140170,823,-84151,-84621,-150,-102
1555366140365,824,-84301,-84723,-150,-102
1555366140573,825,-84451,-84835,-150,-112
1555366140784,826,-84601,-84960,-150,-125
1555366140986,827,-84751,-85085,-150,-125
1555366141199,828,-84901,-85212,-150,-127
1555366141414,829,-85051,-85347,-150,-135
1555366141626,830,-85201,-85486,-150,-139
1555366141835,831,-85351,-85624,-150,-138
1555366142057,832,-85501,-85766,-150,-142
1555366142292,833,-85649,-85916,-148,-150
1555366142512,834,-85795,-86066,-146,-150
1555366142721,835,-85935,-86216,-140,-150
1555366142942,836,-86084,-86366,-149,-150
1555366143154,837,-86221,-86516,-137,-150
1555366143373,838,-86362,-86666,-141,-150
1555366143589,839,-86511,-86816,-149,-150
1555366143810,840,-86661,-86965,-150,-149
1555366144023,841,-86805,-87115,-144,-150
1555366144232,842,-86945,-87265,-140,-150
1555366144444,843,-87093,-87415,-148,-150
1555366144656,844,-87243,-87559,-150,-144
1555366144879,845,-87392,-87709,-149,-150
1555366145103,846,-87541,-87859,-149,-150
1555366145331,847,-87690,-88009,-149,-150
1555366145579,848,-87840,-88152,-150,-143
1555366145816,849,-87987,-88302,-147,-150
1555366146047,850,-88130,-88452,-143,-150
1555366146268,851,-88280,-88595,-150,-143
1555366146483,852,-88430,-88736,-150,-141
1555366146708,853,-88580,-88882,-150,-146
1555366146927,854,-88728,-89032,-148,-150
1555366147133,855,-88878,-89175,-150,-143
1555366147329,856,-89028,-89310,-150,-135
1555366147535,857,-89178,-89449,-150,-139
1555366147749,858,-89328,-89598,-150,-149
1555366147957,859,-89478,-89744,-150,-146
1555366148425,860,-89628,-89886,-150,-142
1555366148500,861,-89778,-90032,-150,-146
1555366148589,862,-89927,-90182,-149,-150
1555366148806,863,-90075,-90332,-148,-150
1555366149027,864,-90223,-90482,-148,-150
1555366149249,865,-90371,-90632,-148,-150
1555366149468,866,-90512,-90782,-141,-150
1555366149685,867,-90657,-90932,-145,-150
1555366149909,868,-90804,-91082,-147,-150
1555366150144,869,-90951,-91232,-147,-150
1555366150376,870,-91095,-91382,-144,-150
1555366150609,871,-91241,-91532,-146,-150
1555366150838,872,-91389,-91682,-148,-150
1555366151071,873,-91529,-91832,-140,-150
1555366151299,874,-91669,-91982,-140,-150
1555366151530,875,-91814,-92132,-145,-150
1555366151760,876,-91964,-92280,-150,-148
1555366151986,877,-92109,-92430,-145,-150
1555366152205,878,-92246,-92580,-137,-150
1555366152422,879,-92385,-92730,-139,-150
1555366152642,880,-92535,-92879,-150,-149
1555366152864,881,-92685,-93025,-150,-146
1555366153089,882,-92829,-93175,-144,-150
1555366153318,883,-92973,-93325,-144,-150
1555366153546,884,-93123,-93473,-150,-148
1555366153781,885,-93273,-93621,-150,-148
1555366154017,886,-93417,-93771,-144,-150
1555366154254,887,-93561,-93921,-144,-150
1555366154501,888,-93711,-94068,-150,-147
1555366154750,889,-93861,-94208,-150,-140
1555366155015,890,-94011,-94357,-150,-149
1555366155272,891,-94156,-94507,-145,-150
1555366155537,892,-94304,-94657,-148,-150
1555366155814,893,-94454,-94801,-150,-144
1555366156103,894,-94602,-94951,-148,-150
1555366156400,895,-94745,-95101,-143,-150
1555366156702,896,-94891,-95251,-146,-150
1555366157027,897,-95041,-95398,-150,-147
1555366157381,898,-95188,-95548,-147,-150
1555366157864,899,-95326,-95698,-138,-150
1555366169816,900,-95207,-95548,119,150
1555366170139,901,-95057,-95414,150,134
1555366170446,902,-94907,-95293,150,121
1555366170744,903,-94757,-95178,150,115
1555366171083,904,-94607,-95093,150,85
1555366171500,905,-94457,-94982,150,111
1555366171871,906,-94307,-94915,150,67
1555366172270,907,-94157,-94833,150,82
1555366172731,908,-94007,-94752,150,81
1555366173140,909,-93857,-94614,150,138
1555366173505,910,-93747,-94464,110,150
1555366173982,911,-93673,-94314,74,150
1555366201124,912,-93732,-94464,-59,-150
1555366201597,913,-93840,-94614,-108,-150
1555366202084,914,-93990,-94762,-150,-148
1555366202554,915,-94140,-94864,-150,-102
1555366202931,916,-94290,-94956,-150,-92
1555366203277,917,-94440,-95051,-150,-95
1555366203603,918,-94590,-95143,-150,-92
1555366203904,919,-94740,-95234,-150,-91
1555366204170,920,-94890,-95325,-150,-91
1555366204438,921,-95040,-95435,-150,-110
1555366204714,922,-95190,-95562,-150,-127
1555366204988,923,-95340,-95699,-150,-137
1555366205230,924,-95490,-95830,-150,-131
1555366205463,925,-95640,-95963,-150,-133
1555366205698,926,-95787,-96113,-147,-150
1555366205924,927,-95930,-96263,-143,-150
1555366206127,928,-96077,-96413,-147,-150
1555366206329,929,-96227,-96558,-150,-145
1555366206530,930,-96370,-96708,-143,-150
1555366206727,931,-96507,-96858,-137,-150
1555366206923,932,-96647,-97008,-140,-150
1555366207120,933,-96795,-97158,-148,-150
1555366207312,934,-96941,-97308,-146,-150
1555366207506,935,-97082,-97458,-141,-150
1555366207699,936,-97227,-97608,-145,-150
1555366207897,937,-97377,-97755,-150,-147
1555366208094,938,-97524,-97905,-147,-150
1555366208286,939,-97668,-98055,-144,-150
1555366208483,940,-97813,-98205,-145,-150
1555366208676,941,-97963,-98349,-150,-144
1555366208873,942,-98113,-98496,-150,-147
1555366209077,943,-98259,-98646,-146,-150
1555366209281,944,-98409,-98795,-150,-149
1555366209476,945,-98559,-98939,-150,-144
1555366209676,946,-98709,-99087,-150,-148
1555366209877,947,-98856,-99237,-147,-150
1555366210074,948,-99004,-99387,-148,-150
1555366210264,949,-99154,-99528,-150,-141
1555366210460,950,-99304,-99676,-150,-148
1555366210655,951,-99447,-99826,-143,-150
1555366210850,952,-99594,-99976,-147,-150
1555366211040,953,-99744,-100123,-150,-147
1555366211232,954,-99894,-100270,-150,-147
1555366211425,955,-100038,-100420,-144,-150
1555366211620,956,-100186,-100570,-148,-150
1555366211810,957,-100336,-100715,-150,-145
1555366212000,958,-100485,-100865,-149,-150
1555366212192,959,-100628,-101015,-143,-150
1555366212394,960,-100774,-101165,-146,-150
1555366212589,961,-100924,-101311,-150,-146
1555366212789,962,-101074,-101458,-150,-147
1555366212994,963,-101221,-101608,-147,-150
1555366213196,964,-101366,-101758,-145,-150
1555366213394,965,-101516,-101900,-150,-142
1555366213598,966,-101666,-102047,-150,-147
1555366213799,967,-101814,-102197,-148,-150
1555366214003,968,-101961,-102347,-147,-150
1555366214206,969,-102111,-102496,-150,-149
1555366214408,970,-102260,-102646,-149,-150
1555366214607,971,-102404,-102796,-144,-150
1555366214803,972,-102546,-102946,-142,-150
1555366215001,973,-102696,-103094,-150,-148
1555366215198,974,-102846,-103241,-150,-147
1555366215394,975,-102990,-103391,-144,-150
1555366215596,976,-103133,-103541,-143,-150
1555366215788,977,-103283,-103685,-150,-144
1555366215981,978,-103433,-103829,-150,-144
1555366216183,979,-103583,-103978,-150,-149
1555366216385,980,-103725,-104128,-142,-150
1555366216584,981,-103875,-104274,-150,-146
1555366216783,982,-104025,-104421,-150,-147
1555366216983,983,-104173,-104571,-148,-150
1555366217185,984,-104317,-104721,-144,-150
1555366217383,985,-104467,-104868,-150,-147
1555366217592,986,-104617,-105012,-150,-144
1555366217819,987,-104765,-105162,-148,-150
1555366218041,988,-104909,-105312,-144,-150
1555366218258,989,-105056,-105462,-147,-150
1555366218466,990,-105206,-105610,-150,-148
1555366218676,991,-105355,-105760,-149,-150
1555366218890,992,-105500,-105910,-145,-150
1555366219093,993,-105650,-106056,-150,-146
1555366219295,994,-105800,-106199,-150,-143
1555366219500,995,-105950,-106347,-150,-148
1555366219702,996,-106090,-106497,-140,-150
1555366219901,997,-106237,-106647,-147,-150
1555366220100,998,-106387,-106796,-150,-149
1555366220302,999,-106535,-106946,-148,-150
1555366220506,1000,-106681,-107096,-146,-150
1555366220709,1001,-106828,-107246,-147,-150
1555366220917,1002,-106978,-107393,-150,-147
1555366221125,1003,-107125,-107543,-147,-150
1555366221339,1004,-107270,-107693,-145,-150
1555366221550,1005,-107420,-107842,-150,-149
1555366221755,1006,-107570,-107990,-150,-148
1555366221959,1007,-107714,-108140,-144,-150
1555366222166,1008,-107857,-108290,-143,-150
1555366222372,1009,-108004,-108440,-147,-150
1555366222573,1010,-108154,-108584,-150,-144
1555366222775,1011,-108304,-108731,-150,-147
1555366222979,1012,-108448,-108881,-144,-150
1555366223182,1013,-108596,-109031,-148,-150
1555366223376,1014,-108746,-109172,-150,-141
1555366223573,1015,-108896,-109317,-150,-145
1555366223769,1016,-109042,-109467,-146,-150
1555366223958,1017,-109184,-109617,-142,-150
1555366224148,1018,-109334,-109764,-150,-147
1555366224337,1019,-109483,-109914,-149,-150
1555366224530,1020,-109633,-110063,-150,-149
1555366224725,1021,-109782,-110213,-149,-150
1555366224912,1022,-109932,-110354,-150,-141
1555366225108,1023,-110082,-110500,-150,-146
1555366225305,1024,-110227,-110650,-145,-150
